active,date
7,2020-03-04
5,2020-03-05
7,2020-03-06
9,2020-03-07
13,2020-03-08
5,2020-03-09
9,2020-03-10
16,2020-03-11
22,2020-03-12
16,2020-03-13
34,2020-03-14
44,2020-03-15
48,2020-03-16
75,2020-03-17
65,2020-03-18
98,2020-03-19
80,2020-03-20
99,2020-03-21
99,2020-03-22
150,2020-03-23
154,2020-03-24
206,2020-03-25
247,2020-03-26
296,2020-03-27
376,2020-03-28
484,2020-03-29
539,2020-03-30
539,2020-03-31
560,2020-04-01
599,2020-04-02
617,2020-04-03
684,2020-04-04
714,2020-04-05
834,2020-04-06
879,2020-04-07
931,2020-04-08
982,2020-04-09
1066,2020-04-10
1088,2020-04-11
1021,2020-04-12
1067,2020-04-13
1268,2020-04-14
1329,2020-04-15
1484,2020-04-16
1458,2020-04-17
1442,2020-04-18
1555,2020-04-19
1541,2020-04-20
1627,2020-04-21
1740,2020-04-22
1778,2020-04-23
1798,2020-04-24
1914,2020-04-25
2147,2020-04-26
2313,2020-04-27
2645,2020-04-28
2874,2020-04-29
3196,2020-04-30
3353,2020-05-01
3317,2020-05-02
3377,2020-05-03
3433,2020-05-04
3623,2020-05-05
3741,2020-05-06
3757,2020-05-07
3696,2020-05-08
3893,2020-05-09
4135,2020-05-10
4349,2020-05-11
4820,2020-05-12
5756,2020-05-13
7331,2020-05-14
