"","t_start","t_end","Mean(R)","Std(R)","Quantile.0.025(R)","Quantile.0.05(R)","Quantile.0.25(R)","Median(R)","Quantile.0.75(R)","Quantile.0.95(R)","Quantile.0.975(R)"
"1",2,9,2.6002863443661,2.0278954867959,0.263210389922733,0.411300950196189,1.13324321644643,2.08143783096339,3.53610405260766,6.54989045087608,7.70309260428315
"2",3,10,2.57895825095616,2.03135854685926,0.241610403069561,0.353798992418874,1.09475797077742,2.04082637129283,3.58911271405717,6.53307019580242,7.76025048256416
"3",4,11,2.61447777651046,1.99113115190819,0.250041582712769,0.388913530057268,1.14256879966376,2.16000294088132,3.49285861351717,6.75735214667792,7.95812065387745
"4",5,12,2.54559445300584,1.96330533004526,0.219942492148433,0.366816641726657,1.08062129494975,2.08212103162352,3.49869609999582,6.18973835244152,7.72521213186885
"5",6,13,2.58401052073945,2.00681574794618,0.217471532102911,0.348985506144319,1.12321668492599,2.10482837727371,3.47183080397509,6.49292467670682,7.9554098974804
"6",7,14,2.60816220430013,1.99565407744983,0.269272190264406,0.399518622170731,1.13514639276143,2.08736667324228,3.57138735364192,6.54696970147003,7.76509900268085
"7",8,15,2.60588216698996,2.02683246693599,0.226065797761492,0.344195477088064,1.1614452487712,2.10057225301551,3.51205150250835,6.7518683959743,7.87018663453227
"8",9,16,2.62836046529356,1.99269462220083,0.252970825460387,0.399442731624652,1.13605812128583,2.14897705442572,3.59664305314978,6.4352906422797,7.59091891932959
"9",10,17,2.60737046624696,2.00525214606804,0.290586561463368,0.409355545052272,1.16931568946858,2.02912576002677,3.5219407391009,6.450824865467,7.93534091840738
"10",11,18,2.61598722662157,2.00053477220815,0.245924506490924,0.373218305214229,1.14662415551608,2.16454105558294,3.49222998929284,6.4478197467871,7.7391249523227
"11",12,19,2.57115740721539,1.89973688093217,0.267699194979859,0.386906263906032,1.19174015983649,2.1548482118874,3.514515998619,6.12913389115701,7.21743696431651
"12",13,20,2.59884153933958,1.98284067035219,0.247070854968194,0.370559055584789,1.1359600196009,2.13941016433677,3.50780498466667,6.48182170264966,7.65395419865083
"13",14,21,2.64978234651619,1.99347491110558,0.261543249437085,0.389067003500639,1.16278703191349,2.19226159142289,3.66164102627922,6.42147686721157,7.63264042802159
"14",15,22,2.56117657855142,1.98344543660749,0.246875138384496,0.372075018826947,1.12338761282376,2.03573203626162,3.49106911869245,6.40320277113364,7.48415340575988
"15",16,23,2.61350525928157,2.03047560119873,0.250664678428291,0.379649140816095,1.16208445745858,2.10404503343684,3.51465704191689,6.58229858232339,7.83876345289599
"16",17,24,2.5767578116818,1.96618271453834,0.241289965459453,0.375743906446042,1.17083490943079,2.1208444488429,3.48914942632136,6.42899238325661,7.59084464627761
"17",18,25,2.57348579290565,1.96592773610069,0.23061668333733,0.341548992727488,1.13466087989756,2.11668564466067,3.53908654048703,6.25329447814969,7.64860424481318
"18",19,26,2.60181147284838,1.96053500696269,0.259128921500482,0.357818317911216,1.18721511838339,2.14235891755401,3.52626754942709,6.50950867533788,7.72125072440051
"19",20,27,2.59012273980884,1.93655688569848,0.254043980640455,0.378016367041698,1.16628789395943,2.11658632224224,3.4842924693745,6.38141216277349,7.58907042092649
"20",21,28,2.60826675372615,1.99092059637655,0.247797063974645,0.403845111891525,1.16443654874696,2.1065574025427,3.53747981809839,6.58268492385994,7.90390205234936
"21",22,29,2.63285159867476,1.97975745047392,0.262417662815027,0.416367535396584,1.20894590831331,2.16075090924086,3.54851407336806,6.37441832218409,7.85283475947656
"22",23,30,2.52353967399994,1.90419228687622,0.242772012877107,0.379922349326506,1.12655241360463,2.10278353225251,3.40552293557635,6.24586797549093,7.39284779426599
"23",24,31,2.60527674818019,1.99509473966123,0.23672554130671,0.350893123047773,1.15254746585229,2.09993382614136,3.51775676151191,6.59967579789942,7.71810216244314
"24",25,32,2.52587791475211,1.97215213570806,0.211904369059711,0.331751694446188,1.10200224952612,2.07278234435667,3.42514090027857,6.37803082817816,7.54310261594386
"25",26,33,2.61443219181384,2.03865606641819,0.231211218367795,0.356341969838925,1.14543941053223,2.08344247695522,3.50406689099723,6.76389322209564,7.9845902967652
"26",27,34,2.67629524663536,2.00821492810337,0.258739674225541,0.402524393635159,1.17273913743851,2.1861461282175,3.64465614975361,6.67757959971876,7.95605974985572
"27",28,35,2.55128792482102,1.95957821609433,0.236883033754977,0.356387657478078,1.10627161209041,2.0531957040745,3.49821694938501,6.3903221304906,7.646517335479
"28",29,36,2.52661682627265,2.00794325192051,0.225678155341526,0.381020188936059,1.08252367978537,1.98476875618923,3.43662982195562,6.46448651493532,7.79685221295293
"29",30,37,2.58165319897662,2.04317979355119,0.230670178189545,0.388592467556015,1.10833884881735,2.04100051315003,3.4789985931254,6.59868056753911,7.49586815637316
"30",31,38,2.58799937384637,2.03120750880327,0.25375135915272,0.349364727565762,1.13219935303109,2.09851021801905,3.4850522677213,6.51413575099267,7.9562514273499
"31",32,39,2.63949883084133,2.03837501826844,0.257356970433769,0.399371040782772,1.16663132936189,2.13734953818191,3.57398575372764,6.60843089652812,8.0077993582633
"32",33,40,2.61605276229025,2.1010715584418,0.213164801454415,0.368284100965413,1.11219556293662,2.08555004162582,3.4849941141504,6.71351074495516,8.32487498939904
"33",34,41,2.48557868926655,1.87172578033335,0.233807200932994,0.349827507844877,1.09955180830844,2.01868671400454,3.39209756318028,6.00005911720693,7.24114691622413
"34",35,42,2.62527305423812,1.9477821989227,0.25561701067394,0.384582697792747,1.14672832150488,2.17341018181606,3.57232843493232,6.56177252740572,7.70619566826791
"35",36,43,2.56310835705809,1.98397764345395,0.212276175904681,0.350386005484411,1.10221505756914,2.05767289932153,3.52723273519587,6.57888926374572,7.82114059106163
"36",37,44,2.5413965388881,1.97732670689392,0.227690178765438,0.355037359584773,1.12366305768457,2.06489965693573,3.4548573072563,6.48932622029154,7.68300320005871
"37",38,45,2.59511755439328,2.0346575449681,0.220090222471517,0.342389166548283,1.1007102585925,2.08265508241498,3.58039513778518,6.47131931348047,7.70682784128701
"38",39,46,2.73436308718296,2.10328057272084,0.2388007236141,0.378516188160689,1.21165940027155,2.20687984630885,3.7021013740693,6.84511284261364,8.20953079731116
"39",40,47,2.63322415367109,2.03279313431402,0.245182549306866,0.382885308713344,1.12160740020365,2.08325874160887,3.64065434284015,6.72501661449462,8.15313241400202
"40",41,48,2.64521748698866,2.06030791716596,0.252365502955053,0.386729239761028,1.1363459428989,2.11566989584432,3.53314224080969,6.78639694948469,7.83898928899831
"41",42,49,2.59669827752047,2.00167270857379,0.236729227405649,0.373905106288713,1.13542847769575,2.11117979405782,3.50687322882861,6.57992606628561,7.67872617790259
"42",43,50,2.59424840857244,2.02628639584105,0.238799154389349,0.37139627008128,1.14336648064559,2.07506792952136,3.49970907759569,6.517350029912,7.9646726652498
"43",44,51,2.58253532373951,1.9781310151795,0.226757948149717,0.373956248952534,1.12635890564759,2.09679528976369,3.54643038171357,6.44814750128229,7.64961342509423
"44",45,52,2.64771189743084,2.03778718674018,0.222722698149523,0.35344429937234,1.19873746599089,2.13950644274672,3.53546947457587,6.80969680541046,7.75404076948151
"45",46,53,2.68479518439519,2.08465989250247,0.27267119418845,0.39702141429654,1.17997123588378,2.1678498061653,3.59968845412074,6.84819254709117,7.89978803491348
"46",47,54,2.63585249827021,2.01760025197712,0.252820988101435,0.368042946312008,1.14012358237057,2.13917331178692,3.57797207281198,6.72212441603197,7.83382873960863
"47",48,55,2.59123528113015,2.01256549409508,0.240000750208068,0.368764967634747,1.11623294664596,2.10123575679551,3.50541223010134,6.50677857791833,7.55423076600029
"48",49,56,2.63128660709385,1.98164734619101,0.245894139184189,0.371783562671385,1.18927621016932,2.14920265850548,3.4886586582938,6.50704946803541,7.62792640748941
"49",50,57,2.53621574281536,1.97093128153279,0.22872657714285,0.370387392324101,1.10874590394305,2.00356654741467,3.43390040365697,6.42695690381866,7.66367821501962
"50",51,58,2.55019673310098,1.95845143850966,0.230596327114792,0.358379577342544,1.0928639341389,2.09140691266963,3.49263340034259,6.32730932990952,7.58786788735287
"51",52,59,2.5644282772777,1.95032821677271,0.265332505677362,0.407441497756518,1.11737765784535,2.13463309788621,3.37700181086569,6.42208417878057,7.5496309810979
"52",53,60,2.60294347702906,2.00868171451544,0.243341856605249,0.357587690386645,1.13986886776393,2.10644954142431,3.48801604951308,6.44103413289187,7.98066440056247
"53",54,61,2.54518787533675,1.96532491330283,0.237423485932878,0.366778245903559,1.06451874804828,2.0893608213157,3.46887597599658,6.42098868721857,7.64987554322605
"54",55,62,2.58572632400689,2.02235020339321,0.247414522770673,0.398417536214721,1.13883960241558,2.07362791517412,3.49755320523925,6.40743018093,7.53262465725262
"55",56,63,2.53048288488794,1.93269421926772,0.224735391452658,0.345011389221091,1.11737870686342,2.07555735949619,3.47033751212881,6.2116682101133,7.55557771257762
"56",57,64,2.65221512929446,2.0789246010004,0.235963265421525,0.374966922977662,1.1522018024631,2.1461269428991,3.65839686410661,6.55987638630397,7.85597365572045
"57",58,65,2.55320191673336,2.02301659278914,0.243948013524897,0.376833274417468,1.1096059177261,2.01822572551598,3.44275334190309,6.52609236579761,7.89597463414505
"58",59,66,2.70417203887442,2.08235062989646,0.252385725602619,0.393018922216081,1.1514677676385,2.20410219414539,3.70720327259883,6.68151711772231,7.88815966945122
"59",60,67,2.62033225900615,2.00450511269889,0.233951378112365,0.360595785351344,1.16374704870129,2.13963251674263,3.56261006116425,6.72492639648281,7.96791300219298
"60",61,68,2.67151933014336,2.13199255537766,0.235018753811314,0.348380992969442,1.18292059532245,2.09614387129443,3.59973399272274,6.8304479082251,8.02228097215848
"61",62,69,2.64686037589659,2.04410162742367,0.225721251800518,0.364307942705829,1.14160346330264,2.13772991185267,3.60972462902863,6.70359648787711,8.00783160272262
"62",63,70,2.55278467398786,1.93603548606827,0.238285315705144,0.369897753100387,1.12153089674262,2.07394438269153,3.47719841539894,6.43470130502378,7.60979722177481
"63",64,71,2.61006269764809,2.03871882462036,0.19958704682954,0.347127262618793,1.14955751934076,2.13820730054151,3.45003873722147,6.65303442502555,8.15953581246109
"64",65,72,2.64448735449688,2.06153575756631,0.243332154796904,0.380945141453809,1.16208908744691,2.12787203123657,3.58299326368334,6.55402655864435,7.92174122836074
"65",66,73,2.5818901237703,1.96612142529286,0.229162214081285,0.363069812829984,1.13051857208972,2.09415009556387,3.55593610413211,6.28771902011282,7.45337029878217
"66",67,74,2.62026965019136,2.02338864707704,0.257828049264755,0.387971666960528,1.15742700451383,2.11992756831195,3.58780409386551,6.42226709750012,7.74873967576449
"67",68,75,2.5603627626503,1.96388634015244,0.256449996714089,0.384289335089066,1.13356637945251,2.07385384488453,3.48543954441988,6.3724065882935,7.73774550085952
"68",69,76,2.59617038810202,2.06287477151804,0.254996034708385,0.36572887963266,1.12981595874142,2.04115138051939,3.42380869878754,6.82555926056184,8.13272282628273
"69",70,77,2.5728904999312,2.01188239999236,0.221568351648387,0.369200973583126,1.07109117443054,2.09057269954818,3.50694337727684,6.45198977201088,7.79128591832981
"70",71,78,2.6198553628122,2.00216198645557,0.238962960148473,0.38967872335406,1.13469931740588,2.1359561792124,3.5834466166844,6.52211514936975,7.8717086579513
"71",72,79,2.5872223821161,1.96483871195935,0.267044851918798,0.377322361657916,1.14222127806906,2.08034874379873,3.50133858407039,6.46235628087421,7.77336430587691
"72",73,80,2.54001322551394,1.94791441259323,0.233912313316644,0.357423403910619,1.06799248131668,2.0509825913174,3.494857195712,6.46409695866555,7.40733515351291
"73",74,81,2.57729272421214,2.01406438108998,0.248186214676209,0.375077404907102,1.08982861699274,2.03165742654154,3.5885762896457,6.43999103827787,7.55675377467398
"74",75,82,2.56839311602627,1.90735791080429,0.27131418077449,0.399161751511519,1.15059046979882,2.10972574416706,3.4985625693693,6.39317008296485,7.48550108394939
"75",76,83,2.55026495031848,1.948764850857,0.218289450818154,0.350703601575825,1.1181116338674,2.12438552905513,3.41783391699825,6.42970301576128,7.32309954939858
"76",77,84,2.61266148502714,2.02933871795807,0.275786968581204,0.401416728666869,1.18819328480723,2.10307716158594,3.44115978627741,6.53540948941143,8.06709358267739
"77",78,85,2.60912131219939,2.05212628947938,0.233910087970455,0.36265763976529,1.13317284589037,2.09651013043143,3.49996307246771,6.76313498718827,7.80706666185518
"78",79,86,2.64741580979424,2.08739161654789,0.225819859511503,0.383579757692823,1.16132162284629,2.13563868393273,3.50543146991512,6.70526849877182,8.26728897298595
"79",80,87,2.58090394823548,1.95709157785194,0.221185858767183,0.344494098781741,1.12724229478835,2.10833126387638,3.53840612496282,6.34933663799406,7.49286633068087
"80",81,88,2.53946760137424,2.00219857599459,0.214117004735887,0.345812109895173,1.0813927149499,2.04071595326007,3.46043004991889,6.40682075913955,7.47169992452322
"81",82,89,2.66358418741043,2.02774933820109,0.236169156849098,0.35813797292641,1.14119834740504,2.220997146924,3.70586557987995,6.6318487808379,7.62208634689878
"82",83,90,2.59486654816179,1.95889265642197,0.230591193968563,0.372222560879336,1.15246627151166,2.12472763843357,3.56699594772069,6.35460575496131,7.45617474640771
"83",84,91,2.52627190674826,1.99008344791453,0.232328386958189,0.351371786339957,1.07058630420823,2.04944495015131,3.40700840450905,6.37952006227243,7.62580767692976
"84",85,92,2.56570846848539,1.95540035973391,0.273265442469627,0.373932090383856,1.12516473401203,2.11731512604222,3.47924227287845,6.39038339430961,7.61389766369526
"85",86,93,2.67683996313726,2.06924890355462,0.285609212513221,0.428650736311908,1.18911023920203,2.1874050623626,3.52262289399119,6.81507323285171,8.31393514898894
"86",87,94,2.65249635749572,1.98907031141713,0.241207343477147,0.383252981801628,1.20520769452048,2.19000895898007,3.54726456723895,6.56338223484625,7.65422375677305
"87",88,95,190.195611098159,17.2199546186834,157.62006306496,162.608062174562,178.325320448412,189.742316803504,201.282374747583,219.692549538676,225.06658610033
"88",89,96,30.5037593034462,19.3796463485405,7.63285738552802,8.79156934422522,15.0849660979317,25.3088285935135,40.3892324323046,72.9081678533059,82.2240121573102
"89",90,97,7.08343427689201,2.94834049618124,3.15108506147536,3.40932328012097,4.76042920830661,6.36017281527354,8.7817112155635,12.9094427753698,14.4401840072673
"90",91,98,3.83561533792678,1.00346841150712,2.30661802790871,2.43460630888731,3.05081615465525,3.66754877735726,4.49663660552212,5.71462272042519,6.0728366329115
"91",92,99,2.7970834944286,0.507711769734539,1.96925245644604,2.04675190668172,2.41178802219638,2.73978749992264,3.16086976696781,3.7019439853775,3.85904078721637
"92",93,100,2.24394544524503,0.312649402406045,1.69973821731274,1.77365621752599,2.0055293980927,2.21700845698833,2.46709309535202,2.77973426055363,2.87096910024261
"93",94,101,1.92013543558767,0.221006792374572,1.52821202823295,1.57992239615347,1.75636426756234,1.90873242855931,2.07073759505365,2.29776168402489,2.37959423813824
"94",95,102,1.68861029693501,0.164531429816042,1.39391316139698,1.42795065642665,1.569807173814,1.68378498143062,1.79900508782244,1.96960162236419,2.02222901834667
"95",96,103,0.761216650547153,0.0855697940152968,0.606342376272685,0.628640396015664,0.700678068990859,0.757944442666509,0.815433280234637,0.908231446621251,0.939107769848809
"96",97,104,0.749767132382713,0.0736916658529669,0.610914973461434,0.631253496990782,0.698171505257224,0.747153477792686,0.79675367247245,0.874741444321344,0.899590889417497
"97",98,105,0.781662958163317,0.0763490855167002,0.63989372558435,0.660074250550358,0.728738583298402,0.777580753992412,0.830489236008238,0.914772840912411,0.937420516662923
"98",99,106,0.812316235824201,0.0810192150934523,0.659784048030359,0.68406263706033,0.755333834671369,0.811705715187324,0.864849673915858,0.950817609963743,0.979445293869864
"99",100,107,0.74217637948635,0.0779675508796343,0.595920880473301,0.614746476875446,0.689807491435279,0.74059085063615,0.791808160495935,0.87431780220529,0.899716319609841
"100",101,108,0.797338480723652,0.0801048149798751,0.646221345067348,0.668212108028931,0.741080135568948,0.795586963553393,0.848979656434483,0.932865290196614,0.964962204678253
"101",102,109,0.895086124206101,0.0892654043618302,0.728300552305595,0.753368790391137,0.832570072401286,0.892725957819108,0.955154306633693,1.04539495857739,1.07725824549796
"102",103,110,1.07762208091096,0.0959348807393039,0.898872273551868,0.925302776995996,1.0110810131226,1.07597102218956,1.14453551616332,1.23725718420516,1.26979775826582
"103",104,111,1.03793615322279,0.0949203205229438,0.863771892526798,0.888210757257144,0.970467137426058,1.03472592144932,1.09975242035033,1.20382013922803,1.23395864139489
"104",105,112,1.11486771632265,0.0965380069971777,0.932983612300052,0.959652996474174,1.0502030033219,1.1103861642549,1.17778044988833,1.27554275418449,1.31332527799174
"105",106,113,1.08186746692696,0.0930481791743439,0.902237876704621,0.93202121610749,1.01971695908102,1.07900324907942,1.14165612369001,1.24270884279434,1.27114919048413
"106",107,114,0.992409370588112,0.0906181835602735,0.831457471132568,0.853544952131849,0.929340751833513,0.988860399703083,1.05058532028149,1.15025908728924,1.18621393892485
"107",108,115,1.019437952523,0.0897183949201967,0.851921838350875,0.877398195041543,0.957568849495198,1.01612961131367,1.07855871351283,1.16851500834325,1.20378725658081
"108",109,116,1.05947011303051,0.0941918274644707,0.879428024547797,0.905532202072787,0.995497425540276,1.06109143005171,1.12100807023633,1.21463129060693,1.24846642261477
"109",110,117,1.017001738062,0.0890939451245461,0.849460497884052,0.871927892595489,0.955239932559024,1.01576837266118,1.07608387188969,1.16662993295106,1.19848702522364
"110",111,118,0.998837182641777,0.0897876042478327,0.827743461243169,0.857544144065583,0.935953134833307,0.997816157268912,1.05937152325033,1.14839435737681,1.18033119823095
"111",112,119,1.16273954729557,0.0983770057018327,0.98042114933061,1.01046446996282,1.09473540690293,1.16075492023375,1.22782143169845,1.32741630118186,1.36244111778836
"112",113,120,1.3698310914522,0.10529544308553,1.1749565455059,1.20238631481605,1.29557890725395,1.36523824358573,1.44064513884044,1.5469713980316,1.58294294857513
"113",114,121,1.66744607133498,0.115222158436754,1.44890892186328,1.48435645657724,1.58843298182787,1.66233715960405,1.7457038112907,1.85739482572561,1.89769014256683
"114",115,122,1.72960942863565,0.122349796714791,1.49655216042662,1.53461506913129,1.64153891810401,1.72908322428407,1.80837810281087,1.93754563780607,1.9751192979876
"115",116,123,1.91444629823426,0.144800429291624,1.63913733582961,1.68308221529683,1.81501727348888,1.91172545537926,2.01021048408868,2.15747828952,2.20997547969049
"116",117,124,1.69290313771843,0.137240269100301,1.42847628388096,1.47707403495501,1.5972880864025,1.6911028824304,1.78741559694124,1.92024665559631,1.96957852995754
"117",118,125,1.81191712055182,0.139204967007054,1.54672783661878,1.58984038421253,1.71353846487047,1.80905653332625,1.90785921604542,2.04648871111079,2.08564719498502
"118",119,126,1.70623799017748,0.129447926652843,1.46282913040302,1.49700704145422,1.61653561243703,1.70382014863661,1.7973512171331,1.92381921298459,1.95904614874627
"119",120,127,1.53765098880731,0.111035891291159,1.32437762473837,1.35903461682673,1.461280217563,1.53475635148616,1.61375657981924,1.72609062232591,1.75562664538798
"120",121,128,1.44208121727226,0.0969585300275344,1.26257459187929,1.28713274102267,1.37373200257549,1.43832787642526,1.5035368180352,1.60818318166414,1.64144481740913
"121",122,129,1.34336118876926,0.0840800101220014,1.1833756504462,1.20945885848722,1.28608593467671,1.3412267233475,1.40092434110675,1.48571705125636,1.51167350545871
"122",123,130,1.37511857733665,0.0775278255570098,1.22861669384632,1.24975027628848,1.32205061504916,1.37333024502235,1.42802197347485,1.49983813661008,1.52453413116843
"123",124,131,1.2781526073701,0.0717773895084669,1.13947383885444,1.16194597701213,1.22896465478925,1.27849386747456,1.32521045200206,1.40126245283818,1.42104805112311
"124",125,132,1.23626150287559,0.0681208250416833,1.10765627407026,1.12724531504127,1.1900613432727,1.23424100108229,1.28250192144579,1.34937639881001,1.37179874747856
"125",126,133,1.1738901900444,0.0596281229246539,1.05731479247139,1.0758023617131,1.13363434923456,1.17362525804497,1.21208259171099,1.2718980522633,1.29113873604317
"126",127,134,1.19371079261862,0.0592905835579328,1.07924996832505,1.09544453166948,1.15234700104498,1.19347792542281,1.23354764077642,1.29029324523733,1.31330375705264
"127",128,135,1.30013078299123,0.0600068446349807,1.18234678270863,1.20171628500736,1.26051236045359,1.2998046245747,1.34011278684887,1.40263800004485,1.41963435406152
"128",129,136,1.26132332011366,0.0590143454706898,1.14332926841056,1.16694515261808,1.22113224060188,1.26008572128311,1.29979495937661,1.36084486064921,1.37809910898615
"129",130,137,1.23147046450722,0.0573428038551336,1.12366044536359,1.13914784067537,1.19180791971868,1.23040667932322,1.26938554558179,1.32753657996259,1.3463582057957
"130",131,138,1.15060632670515,0.0535868706969304,1.04552374971066,1.06322874003865,1.11515833021395,1.14990139753789,1.18603445208826,1.24058343234194,1.25776759986478
"131",132,139,1.14268463440869,0.0529768105411763,1.04141800056637,1.05679780593633,1.10745302907351,1.14120167813583,1.17852878799816,1.22983548284857,1.24841650937329
"132",133,140,1.14689699080849,0.0506298325388397,1.04882647150898,1.06241649250318,1.11274536105321,1.14703052101174,1.1809281465972,1.2307866339734,1.24313372130901
"133",134,141,1.096455458609,0.0484348465387761,1.00525402656227,1.01743377646209,1.06356365348965,1.09547532880479,1.12877120802376,1.17698567369421,1.19536665164653
"134",135,142,1.04052682736994,0.0454868458973314,0.954043190106994,0.965248620303178,1.00955338392845,1.03938641927502,1.070070869822,1.11742586962803,1.13436137844249
"135",136,143,0.940628683709558,0.0435039298283242,0.856950642350248,0.871181507878493,0.911584699973837,0.939613790149865,0.968893596243522,1.01385066498897,1.02932171928866
"136",137,144,0.972260505072387,0.0443621928518465,0.887767017152566,0.899893351092673,0.941557266298476,0.971011646225742,1.00204741348971,1.04585107785421,1.05763973587925
"137",138,145,0.945762260167695,0.0431944222672483,0.864701048411289,0.876477695170288,0.916340000260983,0.943925159224903,0.97411450629841,1.01927596589058,1.03466455432826
"138",139,146,0.950036548302137,0.0441778051997534,0.866032197620064,0.879809984352564,0.920200612708451,0.947781579313807,0.978645932368955,1.0256429063728,1.04272365215517
"139",140,147,1.03963701584267,0.0469832088305083,0.95166446869141,0.963594663573792,1.00751529977999,1.03781290358823,1.07101100734443,1.11849800404795,1.13340819025355
"140",141,148,1.18598466451485,0.0487439328973252,1.09244288804919,1.10725958038119,1.15333063086207,1.18521904278121,1.2175199612594,1.26652801066023,1.28377993816333
"141",142,149,1.24939398125696,0.0511242814609511,1.14857870627958,1.16504946191684,1.21605044736755,1.24986087053917,1.28233684223398,1.3363635210147,1.35623654390157
"142",143,150,1.34129314156395,0.0556722791493513,1.23403525777027,1.25066654050655,1.30402521015933,1.34117225791844,1.37866460164165,1.43405902035845,1.45041333325168
"143",144,151,1.42459997075486,0.0597615243705512,1.30821670461124,1.33094610975694,1.38455251305977,1.42370813913616,1.46384822556855,1.52634236157312,1.54360220519524
"144",145,152,1.40547667803678,0.0633711672902946,1.28397968517136,1.30365743521042,1.36120525631998,1.40534464567995,1.44756948948955,1.51154514748285,1.53503132273273
"145",146,153,1.45045209079709,0.0658084732425645,1.32509877147318,1.342781509626,1.40407020075372,1.4504086078618,1.49831107857909,1.55689689698029,1.58035763390562
"146",147,154,1.507062402801,0.067848405721156,1.37684156548096,1.39688017634931,1.46115795376602,1.50541609718758,1.55334468428149,1.61778559394542,1.6390102893964
"147",148,155,1.47380224466174,0.0690014274006833,1.33952153697113,1.36124803229333,1.42419136967259,1.47532896368721,1.52335661665273,1.58307289340769,1.60322080769717
"148",149,156,1.38569292737976,0.0654392761673083,1.25774237648007,1.28027035147208,1.33980134410508,1.38622359319812,1.43087334541556,1.49327023171704,1.5131230237131
"149",150,157,1.36949262788203,0.059851243438829,1.25546588160972,1.27365042096573,1.32767260616267,1.36874809403071,1.41113366274313,1.46915891969662,1.48803133518553
"150",151,158,1.39437350790469,0.0571302043192606,1.28742935862967,1.30142743958248,1.35390931887323,1.39375858395213,1.43333657938667,1.48965195119602,1.50687499336654
"151",152,159,1.36034352838535,0.0531437575914289,1.25907361890819,1.27337605211351,1.32310816109194,1.36030225603237,1.39806222685573,1.44611920756564,1.46013826658647
"152",153,160,1.34838411890895,0.0511746246378172,1.25069602941818,1.26506655630216,1.3125067495201,1.34830921054448,1.38387050142255,1.4324002599741,1.4455119429803
"153",154,161,1.3549238246221,0.0499716937405146,1.25543895298515,1.27298540168937,1.32084831739434,1.3549500274083,1.38852155582619,1.43815983463514,1.45302202454506
"154",155,162,1.37783376388491,0.0491321525118785,1.28391282350482,1.29632089929908,1.34267776166722,1.37888681378819,1.41148949767784,1.45668356055537,1.47070363430388
"155",156,163,1.43737092873351,0.0508419854884514,1.33869018031788,1.35594692727969,1.40127732074417,1.43819067517665,1.47211662664803,1.51893807938215,1.5357616189462
"156",157,164,1.50469914982437,0.0548623516346277,1.39326124899183,1.41154954480146,1.46740126756315,1.50605811487172,1.54246364999536,1.59400458424834,1.60958152323482
"157",158,165,1.54269573845359,0.0595328708741919,1.42185881457067,1.44189980457446,1.50161260475606,1.54504381108015,1.5853338631706,1.63524574496726,1.65231779182109
"158",159,166,1.52766160389746,0.0625923370658042,1.40535844727964,1.41919011059776,1.48478798262978,1.52905280621997,1.57494355523171,1.62460637380886,1.63917037088768
"159",160,167,1.47474027544328,0.0623056559697924,1.35563177999489,1.37078205948429,1.42890310401808,1.47601391694817,1.52137215764767,1.57319603235149,1.58696809570287
"160",161,168,1.45256388188272,0.0594606809020466,1.33772847813184,1.35209954546076,1.41026080297862,1.45407348925265,1.49485819571446,1.54725753317257,1.56346879822362
"161",162,169,1.44254556258295,0.0570635106209803,1.33099702320227,1.34648683340226,1.40053698085334,1.4434987038445,1.48497917776829,1.53303606094212,1.54728621396067
"162",163,170,1.4298338621606,0.053412468596581,1.32572701280584,1.34165869668226,1.3924103426705,1.43131060439854,1.46944665164959,1.51430421049487,1.52852304380298
"163",164,171,1.43688561561769,0.0522339997233794,1.33357406422122,1.3479221548503,1.40027432382992,1.43889360884264,1.47464467849029,1.52232668344445,1.53248436666623
"164",165,172,1.43335215333608,0.0504078098250036,1.33554424262983,1.34854234738207,1.39673477152751,1.43532034767382,1.47033588834738,1.51362239332175,1.52418745004633
"165",166,173,1.42361624055728,0.0499982519960724,1.32690030662874,1.33901408600691,1.38783895678076,1.42579628948493,1.46012664345184,1.50243970736675,1.51241193691226
"166",167,174,1.36278794471152,0.0473343282372235,1.26835145387823,1.28181001306963,1.33047710162765,1.36399524448562,1.39711378644181,1.43906961824515,1.45000814124298
"167",168,175,1.39263718499014,0.0464334188720334,1.3014797694148,1.31507844385613,1.35910343359445,1.39341811319987,1.42653059337876,1.46590787394788,1.47736241074266
"168",169,176,1.37398387126658,0.0439578277016398,1.28670756691772,1.29796935266396,1.34382054516046,1.37500308337163,1.40564186390373,1.44322456464824,1.45479616518281
"169",170,177,1.34168776453674,0.0422657667621258,1.26029329868088,1.26882221718008,1.31160657592173,1.34369167058287,1.3718912332636,1.40794971943576,1.41780576016823
"170",171,178,1.28682523821391,0.0384842474978722,1.21344228407243,1.22175175419862,1.2591943834739,1.28929191902843,1.31514116624292,1.34690032273718,1.35596991058414
"171",172,179,1.21417586983723,0.0342255442214522,1.14654958567974,1.15555679608866,1.18992425493364,1.21541527956826,1.23893533203395,1.26829268646035,1.27684915666169
"172",173,180,1.14546787244209,0.029119639521856,1.08934798805396,1.09714774035096,1.12507431407293,1.14614903073214,1.16596700178567,1.19206727279784,1.19952840973217
"173",174,181,1.07584950309198,0.0239218175470151,1.02974423311311,1.0356423583973,1.05926776693511,1.07599426942568,1.09250257910475,1.11456279182076,1.12092200734828
"174",175,182,1.07238992796127,0.0210212377866485,1.03140229867427,1.03834316318969,1.05792798372379,1.07213526792195,1.08625292637866,1.10725123818157,1.11335427529817
"175",176,183,1.04133507417187,0.0187109052586903,1.00466739634793,1.01035749431602,1.02862527423383,1.04112583553934,1.05424394206151,1.07192524301249,1.07816494836269
"176",177,184,1.05154320193076,0.0178210382376456,1.01768598329814,1.02190166849919,1.03958778305613,1.05103232666041,1.06329701385958,1.0814868641166,1.08692222362502
"177",178,185,1.05166437639893,0.0168309376308356,1.01762781947083,1.023779262504,1.04044277441435,1.05177862976119,1.06254737522092,1.07979620928788,1.08497349761471
"178",179,186,1.05676355222382,0.016732589349208,1.02461420827351,1.0290510371306,1.04481425706879,1.0569829534256,1.06817493713198,1.0842583648246,1.09027533227185
"179",180,187,1.03935060104838,0.0165567137695851,1.00659555548038,1.0125282368963,1.02853592649406,1.03890543238089,1.05008361196512,1.06707827965876,1.07168424277181
"180",181,188,1.05343468908985,0.0161104047132558,1.0232246229423,1.02847224654505,1.04255009576644,1.05327708995218,1.06371404413613,1.08019272160095,1.08612915025439
"181",182,189,1.10176538062942,0.016541006637741,1.06869825399031,1.07438776717302,1.09055401471412,1.10198256528983,1.1131760590081,1.12850905715946,1.13353534557034
"182",183,190,1.1006330178458,0.0168968323444039,1.0680870774623,1.07277470384331,1.08934305372444,1.10019282259947,1.11210399381117,1.12870215498078,1.1339293713516
"183",184,191,1.08341578016402,0.017280481280549,1.04946622942194,1.05466907072127,1.07201142048065,1.08340094174348,1.09467871583981,1.11215936857476,1.11761128195963
"184",185,192,1.06809769465555,0.0169063161436477,1.03601782738307,1.04055504472752,1.05602735423296,1.06782467309828,1.08000322348986,1.09602029733122,1.10058933997495
"185",186,193,1.04866374947525,0.0166766478678656,1.01676641289204,1.0214499876182,1.03786726329357,1.04833596804525,1.05976682627958,1.07650773980016,1.08186050961102
"186",187,194,1.01576512416625,0.016048727363041,0.985229354755361,0.989496315395809,1.00455663165347,1.01568079106285,1.02657150190451,1.04258903872339,1.04714739417306
"187",188,195,1.03552899929658,0.0154559001883228,1.00559805296377,1.01056812486018,1.0248651294499,1.03569106540876,1.04599173843078,1.06125411954477,1.06571775649487
"188",189,196,1.02838026202896,0.0150571586762096,0.999517018516358,1.0036919065577,1.01839678472318,1.02806831270063,1.03831605996023,1.05351303327146,1.05796315844485
"189",190,197,0.996082854584098,0.0145470828574963,0.967662689971516,0.971785933739426,0.986539640358655,0.995969427452915,1.00555969306714,1.01975919095589,1.02480900995684
"190",191,198,0.993304388419195,0.0149077104991732,0.964720585361994,0.969563081704408,0.983245011192427,0.993239199173894,1.0032073374486,1.01863087681525,1.02392217576096
"191",192,199,1.00674509157593,0.0149173119407622,0.977321251429171,0.981816672337031,0.996995163837694,1.00678986002556,1.01682381402232,1.03133492745616,1.03580978783847
"192",193,200,0.987195097160612,0.0144917959726116,0.95890517665536,0.964361669669818,0.977288703734951,0.986941032247636,0.996871282689304,1.01175257988165,1.01581655173164
"193",194,201,0.983741855193309,0.0144403670991489,0.955941937619986,0.96003698684869,0.973800904435687,0.983372437088131,0.993524489941815,1.00781979985668,1.01268213548794
"194",195,202,1.02183846859988,0.0147926500927918,0.993627997059525,0.997678797091197,1.01182345651355,1.02158230688297,1.03165781135437,1.04657907452101,1.05149588299361
"195",196,203,1.02604941971446,0.0150475093951949,0.998288396094661,1.00196914284193,1.01535354974755,1.02565113762432,1.03626975614823,1.05076568426549,1.05558482227882
"196",197,204,1.05610765707365,0.0149484126895522,1.02744223516235,1.03176784550968,1.0458633690278,1.05583665015186,1.06601058861047,1.08058002319624,1.08561861094785
"197",198,205,1.08837379211172,0.0155113585874481,1.05803058028753,1.06275378332652,1.07818288654389,1.08835548030375,1.09894665276475,1.11423313992926,1.11904611985323
"198",199,206,1.06528768798995,0.016105273604148,1.03380184166563,1.03916871399886,1.05464476125113,1.06491597895234,1.07616459668509,1.0921680243828,1.09618628962875
"199",200,207,1.06308653801027,0.0161198300698297,1.03099868174502,1.03624515772996,1.05186936079515,1.06298326323868,1.07405963372781,1.09046441912037,1.09473780275166
"200",201,208,1.0790676814276,0.0164209623916294,1.0475846302172,1.05201253670088,1.06763377246539,1.07911302363943,1.09004436953018,1.1063701672686,1.11065607952808
"201",202,209,1.06979381753499,0.0156933379238179,1.03906868555766,1.04378013734839,1.05917098181927,1.06984466371642,1.08076679762574,1.09480052604627,1.09960637782179
"202",203,210,1.02656146782588,0.0156053750012158,0.995637649499609,1.00124900929408,1.01583445863338,1.02639031023955,1.03754007180303,1.0519470610941,1.05664981294115
"203",204,211,1.01804892983736,0.014721422387796,0.989062341097945,0.993986662843704,1.00822642028099,1.01784281002191,1.02777180016528,1.04269155336219,1.04759463239381
"204",205,212,0.974359664893659,0.014005306533414,0.94720288066106,0.952225484653766,0.965184188801049,0.973900349055277,0.98376700517518,0.998139712786144,1.00253818879244
"205",206,213,0.91437472374889,0.0135666068066304,0.88809528419949,0.891910659255214,0.905357689228896,0.914354788316726,0.923701231446704,0.936702049638758,0.941422309715545
"206",207,214,0.928211032629981,0.0141000455647004,0.900078655958339,0.905111133566545,0.918681651050742,0.928068696102534,0.937714089309622,0.951912538093049,0.955426042221317
"207",208,215,0.893979549737488,0.0147784913375767,0.864625198676775,0.869644387622507,0.883973534643631,0.894059086378454,0.903877503213292,0.917596820976674,0.922292888800944
"208",209,216,0.899442479505095,0.0157744519933272,0.869595909501798,0.874208072065951,0.888257942208195,0.899237051620928,0.909814261785453,0.926369651300877,0.931350439865461
"209",210,217,0.943763419532285,0.01625392765943,0.912671203890683,0.917072228704374,0.93264148306887,0.943409864160342,0.954680761074778,0.97060772983645,0.976704161342369
"210",211,218,1.0040741818906,0.0164838580499805,0.972648687479697,0.977092773502694,0.99285859188997,1.00358368550795,1.01538934709071,1.03130638423874,1.03663963831758
"211",212,219,0.992674511755839,0.0148875248861001,0.964088781083767,0.967749226200704,0.982457835523696,0.992820658885305,1.0024107019918,1.01718290738708,1.02294702068917
"212",213,220,0.997031619563457,0.0148868070619671,0.967283606367904,0.9726854146723,0.987049716820607,0.997103269220504,1.00667898334646,1.02187419447715,1.0267433883259
"213",214,221,1.02582542843647,0.014944526420132,0.996630248497581,1.00086194132437,1.01548032758965,1.02601327023899,1.0364279400653,1.0501422938399,1.05428116866194
"214",215,222,1.02118637601908,0.0147402944947908,0.992439768139959,0.997071035648709,1.01140308670467,1.02121048703632,1.03096379246681,1.04569318298596,1.0502691903393
"215",216,223,1.04178395315545,0.0148766816237399,1.01246209347763,1.01718529534736,1.03157283088652,1.04192778687571,1.05174273210329,1.06604728970059,1.07126740412026
"216",217,224,1.01800523162579,0.0148917098674108,0.988777521004268,0.993635320425622,1.0079800572358,1.01818430535511,1.02821780938207,1.042203289791,1.04709994333417
"217",218,225,0.974352241969145,0.0145544842378741,0.946412597840885,0.951221522019755,0.964238666444462,0.974168880299589,0.984238850331062,0.998568763650746,1.00318905591983
"218",219,226,0.930739776071599,0.013943937646243,0.903997686794332,0.90760725228175,0.92143396387912,0.930853750953633,0.939982838954209,0.953382697245434,0.957343651513014
"219",220,227,0.932717992632785,0.0140215899603411,0.905705973268695,0.909781691301783,0.92322445531989,0.932496073764777,0.941946952493346,0.956544008534256,0.960588611684556
"220",221,228,0.934601764383999,0.0151397513818687,0.905806625819384,0.909957169014283,0.92402475900249,0.934521639431199,0.945083457695291,0.960024451301918,0.964234519376883
"221",222,229,0.939307303274479,0.0150347292795388,0.910773228682597,0.915401691992608,0.928897622966921,0.938967146912549,0.949400243743386,0.964813641188278,0.968389717981815
"222",223,230,0.937263568087807,0.0153394427158468,0.908173831332954,0.912520900921757,0.926968108504279,0.937074432724495,0.947475906964477,0.962971204787506,0.968336470736925
"223",224,231,0.931939604298247,0.0151847149812689,0.90291942505699,0.907188248993415,0.921517555214889,0.932219525607218,0.942138015086191,0.956576154444353,0.962130666899949
"224",225,232,0.929095792195386,0.0152149126926934,0.900722485312138,0.903839820719769,0.918665591116841,0.929051954311089,0.939388976699046,0.954628409796714,0.958899129214193
"225",226,233,0.932050343337192,0.0151160791967342,0.902294768043885,0.907354888568813,0.921486405970183,0.932240638872262,0.942711963070945,0.956482577150386,0.960797605616773
"226",227,234,0.937297955104509,0.0157263279600407,0.906670459413525,0.911121576235302,0.927100285298117,0.9373861369036,0.947548478503455,0.963698603866041,0.968473569988928
"227",228,235,0.937845320359386,0.0161269784079308,0.907190929983882,0.911180079246555,0.926462155798119,0.937683717552791,0.948497989324108,0.965060496240898,0.969450361399254
"228",229,236,0.946416009552276,0.0152893450356371,0.917051635581851,0.921154854409598,0.936273760505008,0.94619011421698,0.956355431382382,0.97254367877254,0.977519652137365
"229",230,237,0.949359219455204,0.015612278563632,0.919573423681805,0.924196478731036,0.93862451373805,0.949021594446846,0.960145939553921,0.974868355186025,0.980514548140335
"230",231,238,0.98651876524427,0.0160124879200277,0.955387002008125,0.960781517226761,0.975726786110041,0.986657750515122,0.99719670983535,1.01244846999187,1.01819320669328
"231",232,239,1.02400233537703,0.0162703360929096,0.991650800284867,0.996942070205453,1.0128095584159,1.02426185453871,1.0356995275941,1.05043237867647,1.05497800592177
"232",233,240,1.06918932705305,0.0160162016454101,1.03812291173462,1.04284543625981,1.05863311312244,1.06909675957194,1.08001677403695,1.09602729060711,1.10111869131311
"233",234,241,1.10957371861039,0.0173599652198708,1.07710917992069,1.08156976230949,1.09778850613298,1.10931404464812,1.12142767566605,1.1383292611873,1.1441237149584
"234",235,242,1.13706268051573,0.0184801066114727,1.10036985122885,1.10625097765378,1.12462894630104,1.13710156917485,1.14992229719343,1.16759457476574,1.17252970669138
"235",236,243,1.15156038093819,0.0206076193321867,1.11174523314231,1.11802086938788,1.1370958818592,1.15141912414184,1.16621131846381,1.18477807158797,1.19092913493319
"236",237,244,1.15193195591273,0.0215527579573263,1.10811960543755,1.11597206940958,1.13730216126343,1.1523670895246,1.16670875413754,1.18595255510057,1.19281980975986
"237",238,245,1.15328701048401,0.0215666683774747,1.11119397056438,1.11776668359857,1.13843352214512,1.1533960857333,1.16855571724586,1.18792575286432,1.19433636128002
"238",239,246,1.12717561264876,0.0210331399516835,1.08639603549138,1.09262450166706,1.11268348883695,1.12700668139262,1.14143540592969,1.1620422268512,1.16906917396245
"239",240,247,1.10330848142403,0.0201405738184591,1.06386478251827,1.07007610769073,1.08939674860452,1.1026967380836,1.11804668947849,1.13557164748542,1.14191674339343
"240",241,248,1.06973937030473,0.0183596834187621,1.03421866772166,1.03992002726554,1.05696210157233,1.06962752065043,1.08188679917685,1.10036637517578,1.10667696682591
"241",242,249,1.06084554386916,0.0170720350575414,1.02783753693877,1.03279469690709,1.049173947224,1.06057468449822,1.0721687636538,1.0893633131946,1.09433910619437
"242",243,250,1.06054606789707,0.0160302991169518,1.02972017155173,1.03413233596319,1.04942312015813,1.06080065299541,1.07164565885959,1.08611430155941,1.0914516320636
"243",244,251,1.05856886366946,0.0154010115318165,1.02953001330954,1.03317853489963,1.04853328083459,1.05851165613561,1.06862960701504,1.08420117416278,1.08867875138394
"244",245,252,1.06505321828019,0.0151219958279265,1.03581112905211,1.03966894979464,1.05504669276301,1.06512108457718,1.07504674605414,1.0899482030253,1.095028700117
"245",246,253,1.06408953371091,0.0153092352287365,1.03439471892586,1.038616525251,1.05392043210374,1.06411970803129,1.07437040358564,1.08949274925779,1.09341976046203
"246",247,254,1.07212455054509,0.0148766233925759,1.04349917696146,1.04715787168733,1.06185531707919,1.07211377670374,1.0822197301823,1.09673746355149,1.1010864060773
"247",248,255,1.07828510492807,0.0152423986438301,1.0489541128024,1.0531620344606,1.06770266930261,1.07803702623405,1.08865032379087,1.10332920685071,1.10769427385666
"248",249,256,1.08922504325476,0.0154554514609157,1.05816027205289,1.06344349195898,1.07880977385983,1.08955727596695,1.0996708521144,1.11443961478111,1.11955047264383
"249",250,257,1.07763002835524,0.0156105583280873,1.04640039320933,1.05178576367958,1.06732381490502,1.07743863146613,1.08799626276672,1.10391746042039,1.10854160238548
"250",251,258,1.06421433026359,0.0153958700032983,1.03350673280344,1.03909153009333,1.05368986147833,1.06440553571154,1.0743318799897,1.0902953316138,1.09522703243084
"251",252,259,1.05728624501884,0.0151736940934713,1.02804829757562,1.03325677478241,1.04691641246676,1.05708492094124,1.06715622405303,1.08259297991639,1.08654180700537
"252",253,260,1.05093214869898,0.0145235984648671,1.02308009820927,1.02700477825051,1.04086603626679,1.05073789441385,1.06071006069168,1.07531937285331,1.07994814551758
"253",254,261,1.04732698233103,0.0143851698152076,1.01943469923056,1.02359247631164,1.03791403274894,1.0470743449255,1.05681129188198,1.07106172346516,1.07541091601117
"254",255,262,1.04455201423023,0.0141023170149433,1.0172784802638,1.02142581170741,1.03512000466406,1.04452985121389,1.05389759048277,1.06745133018707,1.07287473963421
"255",256,263,1.04960592694092,0.0139231721184622,1.02260607749127,1.02700700341099,1.0400889891532,1.04954480171006,1.05912040795976,1.07247320390136,1.07707686424353
"256",257,264,1.05451595017213,0.0141022725954386,1.02773773455848,1.03131891225033,1.04521874862474,1.05462552767021,1.06359310035903,1.0779136719864,1.08300119490742
"257",258,265,1.06412468201094,0.013458073242817,1.03719151638775,1.04126576372822,1.0550874975504,1.06414449479659,1.07323407220497,1.08619393103258,1.09059709358066
"258",259,266,1.07264750753484,0.014015117127665,1.04593434695102,1.05015964557061,1.06285047904636,1.07276485498121,1.08214302025654,1.095887644145,1.10029001194779
"259",260,267,1.07921676246558,0.0139960311025574,1.05185793527139,1.05641881782859,1.06959290794979,1.07920476235005,1.08841437216292,1.10226701777899,1.10702770617003
"260",261,268,1.08532888527108,0.0148930860757237,1.05591724076645,1.06032237298688,1.075690510285,1.08547046850423,1.09546361244758,1.1096823146484,1.11405460030866
"261",262,269,1.09243197988367,0.0151805552529424,1.06317168771217,1.06724236362564,1.08204470300571,1.09226063690237,1.10275381215865,1.11727387426595,1.12216989034875
"262",263,270,1.09545726263537,0.0151889144694388,1.06562348634114,1.07000482390638,1.08520605063179,1.095734590672,1.10595323930762,1.11980709380054,1.12432972630148
"263",264,271,1.08596602076167,0.0149253415340929,1.05623571802072,1.06067707066801,1.0756697463061,1.08656797349251,1.09647747482465,1.10961443964713,1.11425400829351
"264",265,272,1.07091265514228,0.0148269012891976,1.0430015526541,1.04751440152564,1.06073256792445,1.07095979113944,1.08096055512908,1.09487400653279,1.10006900882445
"265",266,273,1.05264435152043,0.0144429130861999,1.02502864283462,1.02877071544477,1.04301007586856,1.05260675081709,1.06248127679546,1.07645324002042,1.08186665758877
"266",267,274,1.04064977372454,0.0137489322629927,1.01355268924305,1.01789262504298,1.0315503497106,1.04059210984584,1.0498612776759,1.06320482906212,1.0676778294331
"267",268,275,1.03094157380233,0.0131705591491107,1.00512540787978,1.00882936827262,1.0221236096236,1.03080701221564,1.03976852781231,1.05288889769425,1.05726790499208
"268",269,276,1.02893465732937,0.0126816089599002,1.00377226342526,1.00817110474788,1.02033875045142,1.0292192932286,1.03741191286036,1.04990974753519,1.05405569327595
"269",270,277,1.02000335477557,0.0123091308576413,0.995149546972435,0.999459975824172,1.01200679165759,1.02008709157775,1.02823404564437,1.03994675758156,1.04415292411685
"270",271,278,1.00901722848207,0.012560189943022,0.985481008279951,0.988706484152226,1.00057608196229,1.00883903502586,1.01751737413954,1.02925303831375,1.03349736239459
"271",272,279,1.00161834270101,0.0120746948189777,0.977095774075138,0.981526841167593,0.993716275470456,1.00173782838905,1.00957698994581,1.02147243422377,1.02558864134985
"272",273,280,1.00034740330097,0.0120931595668125,0.976574541038919,0.980126365397198,0.992210866719051,1.00038595499922,1.00821804721198,1.02040112450724,1.02428738297385
"273",274,281,0.997220536216114,0.0119409063640851,0.973746617080515,0.977967781557331,0.989184684693863,0.997361884468165,1.00547726952381,1.01741036260241,1.02083980856713
"274",275,282,0.988439760940513,0.0118214784495443,0.965905631617624,0.968714268057948,0.980179132146082,0.988451274867596,0.996327769594815,1.00773079180574,1.011940571562
"275",276,283,0.984561297114584,0.0119412852423976,0.961217361666979,0.964635228831024,0.9768232215158,0.984424209815306,0.992571430954168,1.00411571494364,1.00760923162953
"276",277,284,0.968584183161543,0.0121264774528419,0.945433458084704,0.94925307593393,0.960294158312902,0.968348137092298,0.976614600893314,0.988786946737756,0.993028303936739
"277",278,285,0.967231085818725,0.0119970939801863,0.94417234675962,0.9478152599477,0.959020023710449,0.96728831290295,0.975280653475583,0.98750759082382,0.991615412175352
"278",279,286,0.967199233978904,0.0123386552495044,0.942823557510657,0.946823890339465,0.959044396203892,0.967282409040684,0.975452137744576,0.987287455813756,0.991426209793149
"279",280,287,0.96653475108154,0.0122617309153719,0.943070322169442,0.946626471159117,0.958245426391793,0.966440272443487,0.97453624076741,0.986835424408629,0.990858426647155
"280",281,288,0.969915466613616,0.0122243797789112,0.946526757325487,0.950416537539139,0.961304170179677,0.970124881343308,0.97833316687265,0.989695956462074,0.994244010957866
"281",282,289,0.978702327885562,0.0125119783283356,0.95536705404596,0.958340026392714,0.97010260936382,0.978398600452227,0.987113832775186,1.00023904360611,1.0040735643918
"282",283,290,0.984776892272325,0.0120707131393721,0.95982537423289,0.965320481719383,0.976742231189236,0.984791793919951,0.992774054096536,1.00444939462177,1.00825379719958
"283",284,291,0.968561397862684,0.0119919234554369,0.944873134952321,0.948940315078089,0.960201473127849,0.968743471948738,0.976584594474465,0.988339272329321,0.992236328541373
"284",285,292,0.961089082272755,0.0121683385146354,0.937042586452242,0.941013510631457,0.952905497674609,0.961114324029984,0.9690958682313,0.981489282440369,0.985246650399915
"285",286,293,0.944987790317962,0.0120064562936037,0.92177077649119,0.925833728328161,0.936648961559398,0.945010823636611,0.953256587781875,0.965075031185986,0.968463961505522
"286",287,294,0.946296629913964,0.0125931115051355,0.922466037902226,0.925661461082357,0.937643145795459,0.946040352772888,0.955052468787232,0.96694761959369,0.970902347005613
"287",288,295,0.956977576563586,0.0126909221191268,0.9322683209351,0.935858351946644,0.948396216786317,0.957205029793514,0.9651636309696,0.977593233881655,0.981961138521622
"288",289,296,0.952955539541515,0.0127506196637843,0.927917968164574,0.931836757408308,0.944585364264029,0.953142425228491,0.961323006594592,0.97413823270569,0.978749080300394
"289",290,297,0.957836711843333,0.0128063933437886,0.933369973639301,0.937199035355455,0.949301590951336,0.957596858408186,0.966379614182253,0.978750362252617,0.98374313342858
"290",291,298,0.967324191015854,0.0126431101546122,0.94225545541104,0.946729963145745,0.958629933432966,0.967280109476612,0.976056864143675,0.987870783355628,0.991472597828893
"291",292,299,0.990692618436072,0.0127275322644549,0.965777297649519,0.969908394735315,0.982242738563572,0.990603570242158,0.999093442117445,1.0118443648386,1.01564007015059
"292",293,300,1.01141604355851,0.0127157789525767,0.986517550233227,0.990030697078587,1.00259568086041,1.01158839163235,1.02015739043401,1.03172252229013,1.03581159619654
"293",294,301,1.0376896840401,0.0130041269188648,1.01341941228557,1.01701724016027,1.02912170684839,1.03750019195853,1.04621926679944,1.05945502299783,1.06384914434484
"294",295,302,1.04313676577493,0.0132407223273324,1.01715034350658,1.0219908326798,1.03441691486379,1.04320214180458,1.0521283902882,1.06494291382292,1.06942832680742
"295",296,303,1.04142365548958,0.0133356534606861,1.01461438463235,1.01930259632399,1.03259759436737,1.04160258368505,1.05060083403437,1.06317966498988,1.06681000227159
"296",297,304,1.0482164722944,0.0133700141741246,1.02251339704933,1.02625685675727,1.03889015097371,1.04823875810775,1.05756434266399,1.07007426127748,1.07414757090962
"297",298,305,1.0360266670715,0.0135073139914939,1.00949548969959,1.01362544274169,1.02702773855197,1.03587849767135,1.04508581234199,1.05789779252214,1.06189544108901
"298",299,306,1.00470288318115,0.0129290559003961,0.979477829067127,0.983728309097538,0.99590777968782,1.00451616538623,1.0135548274468,1.02631401635235,1.03015263377108
"299",300,307,0.998071407416632,0.0128430284609796,0.973996516900514,0.976971025744079,0.989362736732968,0.997969249670761,1.00662638283786,1.01909152693921,1.02374171521797
"300",301,308,0.978115364017404,0.0121386758134374,0.954537113711257,0.957982334492243,0.969938469722113,0.977949056371753,0.986105655856736,0.998201431020622,1.00251659090861
"301",302,309,0.955476795724561,0.0120365156769173,0.931686865036646,0.935519755512429,0.947384754400305,0.955571971394061,0.963519009341045,0.975553025705368,0.979047062943801
"302",303,310,0.934856634061249,0.0123893750470457,0.911258608267748,0.914773772263911,0.926219055678595,0.934741985904197,0.943415952951138,0.955034512939586,0.958876735292071
"303",304,311,0.92247602478782,0.0127335630883307,0.897651590929637,0.901987536731603,0.913927199967474,0.922339078751473,0.930724111963425,0.943929157166544,0.947991837424257
"304",305,312,0.918695635494094,0.0132028417153551,0.892816382569521,0.896685509809393,0.909806004290735,0.91886250178613,0.927823057420353,0.939943544508351,0.944703862606227
"305",306,313,0.894723804431969,0.0133008904919335,0.869293653293066,0.873373573197053,0.885699489154268,0.894473795294653,0.903219828705209,0.917343982051855,0.922240595094145
"306",307,314,0.89706198482662,0.0138710289416498,0.871302816318594,0.874995590923649,0.887441437489383,0.896753908722443,0.906248673924961,0.920540367186413,0.924922594799087
"307",308,315,0.90511725594628,0.0144156168446119,0.878102848193278,0.881773202354138,0.895056855321703,0.905083109858384,0.915076884993791,0.929122070221054,0.933517546794479
"308",309,316,0.908143721220251,0.0146194710601195,0.879517172840077,0.884137506791591,0.897873386364164,0.908229325255353,0.918408783874944,0.932488799779519,0.936847108391052
"309",310,317,0.915475954276356,0.0145530933753904,0.888077246503603,0.892541498006203,0.90545164262556,0.915000068306862,0.92490010544837,0.940565900139449,0.945274933680053
"310",311,318,0.922509700002416,0.0146307863687107,0.894351754891775,0.89901328397588,0.912619415301026,0.922180147181323,0.932063043887304,0.94698092815269,0.95220957964018
"311",312,319,0.924021999026099,0.0141596575455406,0.897270198266111,0.901042061988934,0.914210417707677,0.924022244326107,0.933724600492872,0.947553787468732,0.952052867377777
"312",313,320,0.873078587419472,0.0136377494222285,0.846542404804478,0.850542238739452,0.863499118702301,0.873097714430473,0.882613195956925,0.895327050196203,0.899411714049839
"313",314,321,0.877008276131217,0.0143340314743443,0.849722273568187,0.853412105681992,0.867460041709735,0.87696655133358,0.886553496731885,0.900725877550369,0.905973247242053
"314",315,322,0.885397067935903,0.015252628878421,0.856160122156059,0.861292555321364,0.87519989043203,0.885122294734514,0.895566871684852,0.911572756361835,0.916373079712935
"315",316,323,0.859853709377694,0.0153474948876182,0.830608158839979,0.835109160489191,0.84943228690168,0.85945365708916,0.87003379292268,0.885857015482406,0.890366752643863
"316",317,324,0.862877770963191,0.016033529621146,0.832799272842964,0.837301385847181,0.851671945386667,0.862514925480746,0.873595178896503,0.890125291900492,0.895020989798748
"317",318,325,0.848803421295238,0.0164455827360987,0.815852837420301,0.822228168570962,0.837217948327229,0.848333453454907,0.859948469133076,0.876245127504163,0.880814479340186
"318",319,326,0.827753870823617,0.0164134272037975,0.796683639738004,0.800913708195097,0.816117661059593,0.827219006285448,0.838828261307811,0.855049290164499,0.860678388295205
"319",320,327,0.776375739750367,0.0163411722847675,0.745924499494202,0.750176290826247,0.765345278552493,0.77614905629794,0.787668653050926,0.803622916114128,0.809425892825338
"320",321,328,0.793569439660325,0.0182754725789748,0.760045235729617,0.7653085166069,0.780744307301229,0.792657588554674,0.805848693829079,0.824601575599061,0.830855476768186
"321",322,329,0.797702030347764,0.0193202451422888,0.76221634418575,0.767776732537632,0.783940945314045,0.7968793856696,0.810494433829892,0.831036257953444,0.837757344578221
"322",323,330,0.785499842206492,0.0194906267173844,0.749206361143564,0.754261562925095,0.772357784857951,0.784404915849036,0.798495511365194,0.81834110175011,0.825223750359763
"323",324,331,0.7857629716271,0.0201949244877483,0.747928268278948,0.753648218978614,0.771535797179134,0.784880257585138,0.799521365320888,0.820056016486224,0.826161096391873
"324",325,332,0.754222874249748,0.0202055627676216,0.717691775708648,0.722673719998232,0.740108027431379,0.753026114983767,0.767601132514047,0.788596519030562,0.797708220183234
"325",326,333,0.74821858852719,0.0203924714614276,0.711144332279916,0.716153610543934,0.733394827649008,0.747281334899632,0.761810022324749,0.783151889132727,0.788676979698451
"326",327,334,0.74004148476614,0.0214494698497785,0.702640466776132,0.706680520839337,0.724724727559695,0.738708892784898,0.753966574588356,0.777651506262034,0.785201305903329
"327",328,335,0.783731084532432,0.0232183815130441,0.741031325794265,0.746370582247466,0.767323984326131,0.782858851881698,0.799915634718445,0.823164897909762,0.830419716468022
"328",329,336,0.812657843209733,0.0237507658979634,0.77006093475694,0.774531304300883,0.795605579512962,0.811868138868309,0.828642805547799,0.853199378877549,0.861422212753408
"329",330,337,0.811473505529038,0.0220928177014363,0.770807824099572,0.776143158447006,0.795399423839463,0.811213749723862,0.826897816393864,0.848774776739177,0.854825302964202
"330",331,338,0.801480334115288,0.0214866630813776,0.760032685773075,0.767701336720349,0.786972438893881,0.800804051936428,0.815771145670459,0.837048729336202,0.845242026537613
"331",332,339,0.77824703881506,0.0211777888754861,0.738514844118605,0.743779636774865,0.763346125336508,0.777812636229189,0.792846249445254,0.813842471907612,0.820400671312652
"332",333,340,0.803171884445605,0.0224581344577473,0.760464234414736,0.766204223178866,0.787599053161384,0.802831374956254,0.818111192052792,0.840304916827336,0.847994967891545
"333",334,341,0.774912025890826,0.0218420907493415,0.733317196765278,0.738702514636473,0.760161686012672,0.774585150962622,0.790366173037034,0.811769983942076,0.818102586837121
"334",335,342,0.794507420261278,0.0232511625433623,0.75156535772071,0.757876149863847,0.778339625090333,0.794174529245936,0.809892885021345,0.834541234955145,0.840970438820536
"335",336,343,0.799575603698013,0.0236336443837199,0.754973983642264,0.761854830881765,0.783129550979662,0.798899462230252,0.815166615803914,0.83946923526151,0.8485354539188
"336",337,344,0.790316595964241,0.0229163449805961,0.747483107001324,0.753432249043561,0.774044978786422,0.789719203886616,0.805748221412127,0.829016460922952,0.835621849877386
"337",338,345,0.805455575895688,0.0239255338367717,0.759637762025295,0.766794509815838,0.788973958394437,0.804921937201927,0.821724878243174,0.845400340933695,0.852840355599898
"338",339,346,0.835500184479891,0.0242201979458062,0.789137158956573,0.797002383662777,0.818702732754126,0.834974098601762,0.852336631028273,0.874504307528094,0.883024431543786
"339",340,347,0.86980624671837,0.0246112443724447,0.825515737719902,0.830845538473598,0.85240705737564,0.869612609247697,0.886557148579649,0.910662699718335,0.919598290604184
"340",341,348,0.85363536352499,0.0237603120744248,0.806524900281572,0.814384109856652,0.837917950058518,0.853164584493602,0.869731125732774,0.892982041415733,0.900559481093834
"341",342,349,0.901980104516698,0.0243092176686769,0.855152428067715,0.862965977703931,0.885562571650154,0.901452563838668,0.918390112105522,0.943091964239803,0.950683574426317
"342",343,350,0.94404944786805,0.024246520589492,0.897260903023389,0.904715121042465,0.927471681046482,0.943897785240272,0.960656631566519,0.984247410590375,0.991738778050181
"343",344,351,0.931132774931783,0.0237761567873851,0.885005511317728,0.892693934664542,0.915291220588218,0.930698922387136,0.946804535893985,0.970405396432604,0.978221533891224
"344",345,352,0.925625834199035,0.0234339058921178,0.880096190451156,0.887005457818721,0.909626857442281,0.925601318507425,0.941825292551226,0.964057750533157,0.972476914846243
"345",346,353,0.901483802245483,0.023240021264071,0.857087871028733,0.863785406620359,0.885532468785674,0.901957914494855,0.917627160768025,0.939352154779495,0.94582859139442
"346",347,354,0.882207456005616,0.0227763387879399,0.838317015746219,0.845507352038058,0.867463165991841,0.88224320759891,0.897058892838142,0.919368152689227,0.927763378886605
"347",348,355,0.843234669830736,0.0227694949652137,0.798743341100788,0.806020460317885,0.828015089404856,0.843010225137671,0.858148110210017,0.881239337057532,0.88882207000721
"348",349,356,0.83528279197469,0.023238168778685,0.790478761254437,0.797677250403322,0.819354392018144,0.835182292828512,0.850526187461442,0.873680804365818,0.882161234568989
"349",350,357,0.793862258168106,0.0237942900945259,0.746705097070415,0.75464880106096,0.778309073919277,0.793418658846336,0.809481347024072,0.833861251744168,0.840940853643078
"350",351,358,0.719619351103747,0.0238413718200814,0.674473521430391,0.682717716972073,0.702844368000043,0.718653356265026,0.7354729107503,0.760491779605518,0.770343596870949
"351",352,359,0.703786172427839,0.0253911892878592,0.655185035172528,0.663044454968773,0.686716558766448,0.703070680749545,0.720215902865528,0.746119480366161,0.755688511617229
"352",353,360,0.703269314765418,0.0286024958767857,0.649178721196055,0.656987488525043,0.68371739633273,0.702119988931202,0.722786155368781,0.752282967975367,0.762028665577891
"353",354,361,0.704373045469087,0.0292588602443128,0.650701996165824,0.658270818367123,0.683652854804976,0.702904540531517,0.723223945858367,0.755577966324521,0.765665061282322
"354",355,362,0.679677615846013,0.0288480006002831,0.626815440472196,0.63425572117688,0.659655779314938,0.678336245434249,0.69825323966711,0.729352652504639,0.739481948348046
"355",356,363,0.691638759231827,0.0317776014058121,0.633070825501726,0.641423913749684,0.668964652467661,0.691188121862737,0.713664082133299,0.744530254581431,0.754412230752381
"356",357,364,0.683445236048599,0.0310862163673883,0.625238346036408,0.632875563461473,0.661426691998824,0.682404302004567,0.704733424335797,0.735085210807498,0.746310673570472
"357",358,365,0.704096580577953,0.0326685527912811,0.644100346717954,0.654109124143659,0.68045627495719,0.702714207041554,0.724656453732758,0.761141111220316,0.773014910547974
"358",359,366,0.731750258594195,0.0331827956425694,0.670320031082628,0.678942007311929,0.709006775300326,0.730609175224138,0.754246280249278,0.788305082147431,0.799206518407332
"359",360,367,0.749060543483995,0.0344526658171307,0.68480481707692,0.695233003861411,0.724497173526785,0.748110703840939,0.772466644805745,0.807573700907742,0.81910599406613
"360",361,368,0.715617142718296,0.0328548216764314,0.652593210451824,0.664140914361933,0.692827584109281,0.714541399830956,0.737653494756329,0.770694848075019,0.782033547042932
"361",362,369,0.668024470561306,0.0323813149286454,0.607434998875903,0.616939679289705,0.645781641269549,0.667125503088799,0.689949504128138,0.721154549915259,0.731587072397352
"362",363,370,0.683413902036195,0.0338352311580337,0.619393970808049,0.629414461446066,0.659307731256683,0.683227931595098,0.706191179732578,0.739708667109919,0.7509342410621
"363",364,371,0.688335647594668,0.0356247470604207,0.622331633858765,0.631528117142201,0.663407294004276,0.68718231988134,0.712532257043103,0.748983906147563,0.760989546028652
"364",365,372,0.730913071685051,0.0364015092928881,0.664618765694097,0.674589379978072,0.705448037860785,0.728985670148913,0.75518008081923,0.792750013070212,0.804958475145579
"365",366,373,0.728623528418556,0.0382301345590382,0.657612132157919,0.668202932891359,0.703095674309554,0.727433147146923,0.754364011953857,0.79221116766775,0.80738515873463
"366",367,374,0.715240599913449,0.0379200964831232,0.646093203394436,0.654985660647525,0.689434829268767,0.713218910139802,0.74045650259847,0.780179011492869,0.791343728779016
"367",368,375,0.688805917224249,0.037325469256669,0.619444680503092,0.629231674820654,0.662833058287726,0.688013405783006,0.713134065890312,0.753190678135588,0.765430070212485
"368",369,376,0.696537099628047,0.0394895410558655,0.623044082570672,0.63442189151245,0.669205576874564,0.69555103399929,0.722871420506403,0.763753654150659,0.776214434861817
"369",370,377,0.696310952756707,0.0405766559214743,0.619165081727907,0.632084646124576,0.668190185944536,0.695683721672962,0.722374207923175,0.76532059224985,0.78104783830245
"370",371,378,0.754467903912328,0.0425478287037908,0.674249517327388,0.687476844794586,0.724299761711001,0.752380399122788,0.783050232287405,0.826300956778195,0.840221104931351
"371",372,379,0.834756715130816,0.0470316622670812,0.744170940272475,0.760819168457764,0.802842382401294,0.833349256450407,0.865135843845761,0.917107117308564,0.929273903730091
"372",373,380,0.849598798364496,0.0465938827526438,0.760240956866615,0.775741846476479,0.817627635442613,0.848821258215024,0.880563232851657,0.926697148501709,0.946894784503251
"373",374,381,0.911315580056894,0.0493604653070107,0.818665992351854,0.833141451039406,0.877863938757604,0.910652335114755,0.943045383807636,0.994949884681376,1.01181347446096
"374",375,382,0.959998352894624,0.0495958344167797,0.867537318457591,0.880064757718524,0.926945702856055,0.958048182346884,0.991699661602767,1.04312901210712,1.06570895643531
"375",376,383,0.971473662970381,0.0492146828181832,0.879546930844816,0.89352675108418,0.937104305726716,0.970749803140942,1.00408248797876,1.05459479660103,1.06819273716522
"376",377,384,0.986212007566673,0.0494741557039244,0.893131427448642,0.906014051143811,0.95360893638463,0.984840654210656,1.01788656963009,1.07145737940284,1.08806481458583
"377",378,385,1.00691990943764,0.0505783865320372,0.909524387090014,0.922975014370287,0.972243161948828,1.00582964168841,1.04034674622778,1.09017160586732,1.10828017225239
"378",379,386,0.931694197597603,0.0484795807468778,0.837745606913925,0.853857633890677,0.898066502414483,0.93034411867761,0.96400984632082,1.01399800880956,1.03178553810456
"379",380,387,0.910429493405848,0.0475391428477923,0.817044879895935,0.832541954894118,0.879860892476464,0.91012382382546,0.94042267611349,0.98919141729693,1.00534612629086
"380",381,388,0.917007888011008,0.0476375466170288,0.8292860470948,0.841541908707934,0.88450679092234,0.916041293259927,0.949825504760483,0.997574242822224,1.01120719373657
"381",382,389,0.901259998731516,0.0463693125509806,0.81567414811361,0.827732690322379,0.869272694444631,0.900455711836018,0.930588123559283,0.978271896643515,0.997361974275702
"382",383,390,0.867565466238895,0.0470496801627008,0.775655349651954,0.790899887622789,0.835062963621081,0.86747966467913,0.898023495761107,0.946504115879913,0.96103088327254
"383",384,391,0.928216125106885,0.0498986830233092,0.832131283842033,0.847226811432401,0.893971762195413,0.927826226321224,0.962339127491873,1.01151725392281,1.025433560988
"384",385,392,0.951006139585695,0.0511995040983586,0.85125158867186,0.867344545863998,0.915615537789847,0.950179811689838,0.985084735261996,1.03599748069974,1.05240478153966
"385",386,393,1.01549665143083,0.0519949505758425,0.919730371096872,0.932067738450688,0.979718270190729,1.0144657176775,1.04986849828094,1.10350136684206,1.12156351876154
"386",387,394,1.12618477429474,0.0551507312571119,1.02066741699628,1.03658265882776,1.08893302142259,1.1265451498117,1.16283726119406,1.21763155574024,1.23615174932371
"387",388,395,1.07759876726403,0.0540258197936619,0.969780841773342,0.989251005760313,1.04071691448317,1.07748553179546,1.11444614883018,1.16690944631788,1.1846826600969
"388",389,396,1.08545645872084,0.0557475973155488,0.9799492524176,0.995776472209748,1.04728786543894,1.08373635583156,1.12082775383606,1.17910890251917,1.19750948579771
"389",390,397,1.06798106851914,0.0533026637498118,0.967718432977182,0.982744740662295,1.03213451647133,1.06752371342606,1.10272701434097,1.1556828073022,1.17372212664224
"390",391,398,1.04341960726123,0.0520674662073562,0.94512812364736,0.957560470239474,1.00810618039733,1.04257294186757,1.07620797044553,1.13164598274759,1.15128553928995
"391",392,399,1.02559269400508,0.0517740255072649,0.927205613739354,0.941072115886413,0.99025203390356,1.02525531619972,1.06069181177178,1.110372348686,1.12653790087611
"392",393,400,1.02288872746407,0.0509105692833601,0.925160373212354,0.938111338624224,0.988624822224546,1.0233364616017,1.05708861809064,1.10696118698788,1.12702431814346
"393",394,401,1.06500490251786,0.0515993489344659,0.965040905653967,0.983219753224377,1.02938873952639,1.06384166752486,1.10096020331583,1.15244617456663,1.16825550519947
"394",395,402,1.02669103419783,0.0506796218420272,0.927125493892651,0.945261685992142,0.990952561664253,1.02565335888605,1.06155794361964,1.11184438552935,1.1280176937471
"395",396,403,0.991785137470839,0.0495112646613812,0.903410781180089,0.915488321147382,0.956670366284222,0.990457800226473,1.0235582510952,1.0773314504751,1.09497853554784
"396",397,404,1.02838456090488,0.0512290081144736,0.931842669163796,0.946406921212375,0.993063595490916,1.02820342204239,1.0623924426697,1.11214604451007,1.12944151594335
"397",398,405,1.03200053810396,0.0517233677043841,0.932866084431919,0.950315874853975,0.99738021290962,1.03059641835804,1.06565114986623,1.11650480707027,1.13420642541769
"398",399,406,1.08036458642876,0.0501476514945671,0.988128909020386,1.00075182202342,1.04421493187037,1.08025928611427,1.11379280576143,1.16231021312859,1.17944358031061
"399",400,407,1.06200562117186,0.0525812640744582,0.965691607870267,0.97964148989477,1.02530803134373,1.05892439753596,1.09751423780023,1.151928846486,1.16712783414607
"400",401,408,1.11458662591742,0.0519351911863195,1.01368874215816,1.0312267723557,1.07983022841621,1.11366040578827,1.1479725036967,1.20311590245467,1.21940634861979
"401",402,409,1.11077115087236,0.0514992918615061,1.01304521122611,1.02795222773012,1.07497899455202,1.10980522453498,1.14416608861596,1.1986673551169,1.21468387812011
"402",403,410,1.18127927182509,0.0540426286541691,1.07436389917121,1.09286299703924,1.14488443076192,1.18142224261789,1.21742251357431,1.26962271831163,1.28851116851662
"403",404,411,1.21066144480589,0.0538536025929222,1.1098747677402,1.12295300803513,1.17407218498769,1.20930054642997,1.24701712267689,1.3036755527387,1.31704148021851
"404",405,412,1.17116002601889,0.0536284014568357,1.06674869805614,1.08392721850508,1.1364418427382,1.17034415751081,1.2068364308935,1.25948707194916,1.27630988369316
"405",406,413,1.18747411344333,0.0534620774162154,1.08327994816896,1.09666882529783,1.15039444727761,1.18794446497311,1.22373194961975,1.27411950955494,1.29036708354368
"406",407,414,1.17420732841334,0.0522879667732393,1.0716836556046,1.09064466791371,1.13755997167432,1.17410420429411,1.21017155666922,1.26107813029369,1.27731797525076
"407",408,415,1.22770014250639,0.0529474734495583,1.12767930241275,1.14329514531014,1.19106794309391,1.22668934753049,1.2629312116759,1.31442872026428,1.33666121396213
"408",409,416,1.24332230195294,0.0520035857120346,1.13978596252496,1.15913843394724,1.20983642879967,1.2428727680329,1.27613944689577,1.32968452296606,1.34706831973926
"409",410,417,1.23885675865251,0.0521418700352504,1.13906761612112,1.1550201541868,1.20299278003374,1.2380810871041,1.2737626870136,1.32594009625858,1.34369717441665
"410",411,418,1.16991771336904,0.0506435393185462,1.07467565197191,1.08744611736585,1.13493726466811,1.1699048688345,1.20245125224652,1.25054937736621,1.2705107840157
"411",412,419,1.23665449798864,0.0503446920821227,1.13763114584467,1.15403340972872,1.20280748810743,1.23692156540889,1.26917090070455,1.31987247119058,1.33691535710724
"412",413,420,1.26351215768888,0.0500953643602416,1.16715897657394,1.18194290705075,1.22891946734445,1.26305878548,1.29756167902318,1.34664936485355,1.36245576120151
"413",414,421,1.2829541286169,0.0498553124998333,1.18837840760814,1.20150540742584,1.24854167228852,1.28257038154036,1.31666362705514,1.36586810027157,1.38144879300655
"414",415,422,1.34797871585573,0.0523589905199654,1.24544812191296,1.26139086429933,1.31193379628637,1.34780528244049,1.38319109114712,1.43322112657981,1.44975572446126
"415",416,423,1.40325326432894,0.0545661854957608,1.29938890804159,1.31522917473879,1.36567716715026,1.40308066831315,1.43962921683355,1.49586330951251,1.51056223078126
"416",417,424,1.45555742929567,0.0582634110179249,1.34375023151367,1.36005340014883,1.4151710568537,1.4554969862467,1.49616813116889,1.55042543655585,1.56807952731829
"417",418,425,1.4444207414747,0.0612705925056246,1.3212698518866,1.34258506272402,1.40233252913212,1.44379512853677,1.48744611999884,1.54389173394829,1.56072115581706
"418",419,426,1.42611709767595,0.0619037813495731,1.30345930055307,1.32282468304009,1.38384842057541,1.42721783849794,1.46960847832835,1.52509133328104,1.54683092402479
"419",420,427,1.42748551772472,0.0606574114257919,1.31427484771637,1.33040539289808,1.38361823687036,1.4277479448283,1.47029566514631,1.52542605754108,1.5423204382012
"420",421,428,1.58472827623134,0.0650911866864817,1.45852052059757,1.47522698507403,1.54079009583911,1.58665944469193,1.62936795519171,1.68976598617473,1.71215914315045
"421",422,429,1.68064882867094,0.0718888803151283,1.53391754411,1.55825490364882,1.63219855342184,1.68139837521617,1.73346409747633,1.79423419670279,1.8141849153954
"422",423,430,1.74601616283928,0.0813825897895074,1.58342568733369,1.60357676517775,1.68878494826981,1.74994319790537,1.80778167347807,1.87090372222928,1.89231462182239
"423",424,431,1.80225842024134,0.0919156976490984,1.6174964862542,1.63763618036598,1.73695482871809,1.80563691222562,1.86999599063825,1.9457903547582,1.96497007414147
"424",425,432,1.83176812814931,0.0997521982380067,1.63515404645797,1.66058874069246,1.75853533497552,1.83486565001782,1.91010798712073,1.98454664206964,2.00497761399571
"425",426,433,1.82494508914496,0.102384348492677,1.62259985412337,1.65034249325171,1.75293574313117,1.82812129781147,1.90353857933701,1.98452922215265,2.00174587139723
"426",427,434,1.8437459262985,0.105167875717271,1.63264348859136,1.65675745970975,1.77043954683998,1.84899960104991,1.92530043572739,2.00623889489727,2.02461241989548
"427",428,435,1.82034503050013,0.10371084504068,1.6152279001643,1.63973173310249,1.74605479872956,1.82194155916255,1.90241026843314,1.98172558607822,1.99688198459547
"428",429,436,1.84716218181453,0.104347131836342,1.63851251643652,1.66275202014332,1.77319950613784,1.84957291684804,1.928616289164,2.00967221820389,2.02436027220621
"429",430,437,1.84942175769409,0.104258670774067,1.64015815278943,1.66417732904289,1.77348412626109,1.85188797739641,1.9337074462283,2.00856699425743,2.02653113527137
"430",431,438,1.85741139621192,0.1051213454891,1.64863381065897,1.66471615661961,1.78264965926921,1.86078399323894,1.93995007873092,2.0192450117083,2.03316936704337
"431",432,439,1.82845644445909,0.102834527821311,1.62589443157183,1.64660257030993,1.75373530185528,1.83040445903795,1.91105787476263,1.98700390232109,2.0007054123305
"432",433,440,1.78158580876417,0.100149879880647,1.58381873980836,1.60429850793922,1.7109216490754,1.78659825847763,1.86170779214778,1.93515396756255,1.94769646317094
"433",434,441,1.76803395776571,0.0961422949260923,1.57933860550764,1.59507231553549,1.69878673769391,1.77145615116502,1.84414306530072,1.91416226522261,1.9282988111007
"434",435,442,1.7420656185819,0.0913453628402593,1.56360487758338,1.57874648476683,1.6771813066885,1.74669145086021,1.8130055139965,1.88187599759752,1.89591569902474
"435",436,443,1.74014773312275,0.0879332751585237,1.56733610118309,1.58203323474557,1.67775854874671,1.74278716503949,1.80879007794948,1.87377789841023,1.88557973139135
"436",437,444,1.68225708023364,0.0840251680400362,1.51702971056619,1.53150094654878,1.62120309500769,1.68701628544732,1.74548884912909,1.81124941199086,1.82392396856948
"437",438,445,1.65341154525254,0.0799496583706958,1.49610135248664,1.51060495072497,1.59463541222841,1.65723287937104,1.715219192709,1.77328489943056,1.7862802200685
"438",439,446,1.59221331733992,0.07354919477693,1.44722196127037,1.46244783098258,1.53898202874393,1.59665851509535,1.65040332198477,1.70395784097465,1.71471335027969
"439",440,447,1.54203106465113,0.0671574576509207,1.41013073748751,1.42103255805364,1.49266379101663,1.54620341100905,1.5938236342122,1.64350262269121,1.65331667377386
"440",441,448,1.51977888835085,0.0612722565840215,1.4015578647224,1.41246005218791,1.474918742133,1.5243329220127,1.56572757423238,1.61441689283682,1.62330930569638
"441",442,449,1.50664876630166,0.0573600423787406,1.39807601473277,1.406033030756,1.46459767515142,1.51045748445171,1.54969009560863,1.59538757624276,1.60270344570655
"442",443,450,1.50395877641724,0.0553562365779638,1.39662945821116,1.40577876452559,1.46398797272367,1.50761479956665,1.5463462555443,1.58827250987966,1.59627372343954
"443",444,451,1.49381797029553,0.0533974411106765,1.38859975747205,1.39792478638447,1.4561294969829,1.49747696700337,1.53540795458047,1.57475183363624,1.58203545985868
"444",445,452,1.50055005209988,0.0530481343583636,1.396107883989,1.40490629879362,1.4620904719413,1.50545962221167,1.53985506025649,1.58274420235674,1.58859979424609
"445",446,453,1.50216529108237,0.05251054665634,1.39849009546079,1.40629853829873,1.46509169518537,1.50684333296584,1.54095484917569,1.58161603574101,1.58795338037432
"446",447,454,1.50080918941534,0.0525402083470508,1.39707135310863,1.40583911567928,1.46317003500214,1.50430704545422,1.54226787265865,1.58037827496452,1.58700510473748
"447",448,455,1.5048779837087,0.0529583395695184,1.39814400971393,1.40875545861386,1.46734047152805,1.51049739170379,1.54464862292642,1.5849385278533,1.59124179191516
"448",449,456,1.49259523091707,0.0530406150486491,1.38587383835236,1.39523638886723,1.45485025112405,1.49616046276883,1.53516470428484,1.57129868761499,1.57768050532951
"449",450,457,1.46279218988659,0.0516215555936202,1.36119639362044,1.36938486183396,1.42544130520255,1.46699419809442,1.50350270883176,1.54020064429691,1.54662173847566
"450",451,458,1.42128244097825,0.0488421370804414,1.32499023003492,1.33241532035613,1.38672969294162,1.42438391889763,1.45913356319408,1.4947417235353,1.5004732935872
"451",452,459,1.37251914886677,0.0442607466934676,1.28726425637157,1.29403574151964,1.34020415983539,1.37618536353967,1.40661331443842,1.43993547104412,1.4449596621294
"452",453,460,1.31868489525781,0.0392164390696097,1.24346647696223,1.24923073072916,1.28995109917308,1.32130776761193,1.34844670093058,1.37924957065046,1.3837284110649
"453",454,461,1.2633645503791,0.0336070821512065,1.19962150857265,1.20456453898822,1.23920942846423,1.2655315702217,1.2889949269572,1.31606000374158,1.32122323535009
"454",455,462,1.21876456364643,0.028409158161167,1.16595121093912,1.17080625197058,1.19829338322474,1.22004873760489,1.23998231206409,1.26425587350329,1.2683395658566
"455",456,463,1.17075800564874,0.0234887533041052,1.12767683481351,1.13118037804226,1.15412889162832,1.17137407116984,1.18780804920515,1.20923834566851,1.21269651119039
"456",457,464,1.12947216888539,0.0191421262178813,1.09390602731291,1.09765226765566,1.11592246027791,1.12983586564219,1.14360344078901,1.16090670000528,1.16477574827998
"457",458,465,1.09778963909676,0.0156349386903832,1.06857282095643,1.07183926589774,1.0869570419011,1.09747908373589,1.10889015539125,1.12418566452035,1.12778463594864
"458",459,466,1.07431565169683,0.0128568005444823,1.04980631184192,1.05354242250001,1.06552730046178,1.07404257507717,1.08317897140855,1.09607216363781,1.09972156754154
"459",460,467,1.05606394351899,0.0107736721173547,1.03554295433721,1.0386171670849,1.04867542177978,1.055971549663,1.06338904206747,1.07413295854005,1.07715662074267
"460",461,468,1.0425320025374,0.0094125548694746,1.02411793894369,1.0267292723943,1.03600312569128,1.04246265469106,1.04906632563992,1.05792227702336,1.06140252218644
"461",462,469,1.03600280148004,0.00829498635805997,1.0198861089903,1.02290181000126,1.03023409122349,1.03579950099734,1.04165513515838,1.04994578890817,1.05259692246653
"462",463,470,1.03203551462103,0.00750791772639674,1.0175835346217,1.01990084746185,1.02687209999473,1.03214843624016,1.03708316456149,1.04445103417122,1.04651534468355
"463",464,471,1.03388806263009,0.00699034987254749,1.02049263548115,1.02222151210411,1.02913233139875,1.03373436453999,1.03842479178081,1.04556802041721,1.04820908574878
"464",465,472,1.0378107341698,0.00662677213781522,1.02496481738801,1.02702753303781,1.03334727612845,1.03773156829488,1.04215279562762,1.04919348379173,1.05094937336632
"465",466,473,1.03551555047482,0.00639592401415808,1.02314190864083,1.02479245720869,1.03104106128954,1.03553640221723,1.03992336506705,1.04608147158765,1.04783009658518
"466",467,474,1.03571620206632,0.00634032950491684,1.02326393585062,1.02540343791398,1.03142091633783,1.03568001756325,1.03997970941505,1.04628068059374,1.04821361885614
